timestep,update,mean_eval_reward,episode_length,policy_loss,value_loss,entropy,entropy_coef
1024,1,2.1768614180522725,317,1.3973673573578709,0.018432296463288367,4.298710036277771,0.014997
2048,3,11.418547709726063,421,-0.05218389163492247,0.03298693189572077,4.268786737322808,0.0149940006
3072,6,1.2260159743167836,130,-0.05336401259992272,0.01453856933512725,4.183267718553543,0.01499100179988
4096,9,-0.3869621254238445,28,0.22738594349939376,0.0350140216818545,4.121746438741684,0.014988003599520024
5120,11,3.5299838507050674,173,0.08615730903111399,0.037717573356349024,4.099265170097351,0.01498500599880012
6144,13,3.7224014826780856,409,0.7583447386859916,0.038738987623946744,4.083195462822914,0.01498200899760036
7168,16,0.7503950946363246,41,-0.0026563607156276704,0.07080966199282557,4.047174206376075,0.01497901259580084
8192,18,3.5199349284307253,171,0.35710514409001914,0.07022599281044677,4.0447920829057695,0.014976016793281682
9216,20,3.4894561654644685,410,-0.02360697293188423,0.11301918626995758,4.017439724504948,0.014973021589923025
10240,22,-1.2210600391376647,495,0.005474413646152243,0.05597945334739052,3.982729510962963,0.014970026985605041
11264,24,31.192246031227185,592,0.03376553828129545,0.15688698826124892,3.949117785692215,0.01496703298020792
12288,25,11.217006857342795,547,-0.057587993377819655,0.09521714544389397,3.9217273727059365,0.014964039573611879
13312,28,1.647703250915573,79,0.08711842429474928,0.09162435447797179,3.887832073867321,0.014961046765697157
14336,30,2.4440757213830016,83,0.02584163988358341,0.0567416422709357,3.865634912252426,0.014958054556344018
15360,32,-0.3741694022898128,18,0.08580790204578079,0.07805362506187521,3.8409105464816093,0.01495506294543275
16384,34,5.5032834926951395,109,0.29880925375036893,0.09130617190967313,3.8164902299642565,0.014952071932843662
17408,36,6.953003836527781,352,0.2834545373218134,0.10124342057970352,3.733406789600849,0.014949081518457094
18432,39,0.8586985779212933,53,0.2997577166883275,0.1522063128184527,3.6864876091480254,0.014946091702153403
19456,41,5.045593140390612,178,0.2419185345293954,0.20998444163706154,3.7057151958346366,0.014943102483812972
20480,43,6.270989290450214,304,0.25211966410279274,0.07840336580993608,3.736179366707802,0.01494011386331621
21504,45,7.743450988465436,360,0.3056292351335287,0.11659989823820069,3.7689426332712173,0.014937125840543547
22528,47,5.30489890048435,455,0.2566830215509981,0.11230079014785588,3.8055058017373087,0.014934138415375438
23552,49,6.925071678030763,468,0.28231943112332375,0.02827892227214761,3.847403010725975,0.014931151587692364
24576,52,5.616555951202301,144,0.28311079302802683,0.024279477499658243,3.8969920977950094,0.014928165357374826
25600,53,19.542105063495864,548,0.05753817138611339,0.12776486481307076,3.9440275520086288,0.014925179724303352
26624,56,2.015850296723333,76,0.07164196298981551,13.574692813679576,3.925542640686035,0.014922194688358491
27648,58,7.525167094170255,99,0.13851752600166947,0.1257568621542305,3.9417817816138268,0.01491921024942082
28672,60,-0.2474352498445504,18,0.1770362484443467,0.18357317325426264,3.9363900795578957,0.014916226407370935
29696,61,3.0586327529254724,283,0.2828954435884953,0.18672652118839322,3.945043686032295,0.014913243162089461
30720,63,12.141625550015883,441,0.3124553866684437,0.08290108649525792,3.9915600761771204,0.014910260513457044
31744,65,4.242311918889705,134,0.24274170878343285,0.06281049570534378,4.033366811275482,0.014907278461354354
32768,67,5.57600411816902,186,0.19406093565630728,0.0636762963666115,4.0282753080129625,0.014904297005662082
33792,69,0.7246995059376583,216,1.6504169414576608,0.05593884686240926,3.9610637724399567,0.01490131614626095
34816,71,-0.6423184732617182,321,0.12345823048963211,0.04170130598940887,3.938826562464237,0.014898335883031699
35840,73,15.992008573729942,542,0.679117972718086,0.058123661344870924,3.937379312515259,0.014895356215855093
36864,75,5.274958538555752,262,0.13945570364303422,0.03937367390317377,3.9206574842333795,0.014892377144611921
37888,77,6.5306020284174915,208,0.10850476300256559,18.67819545418024,3.9150171279907227,0.014889398669182999
38912,79,11.629729069842247,251,0.0927266905666329,14.907044226676225,3.9226483196020125,0.014886420789449163
39936,81,10.604523066936073,289,0.14020804999163375,0.2706319849821739,3.9310898378491403,0.014883443505291274
40960,83,2.983792011935695,126,0.036850979435257614,0.15579367473255842,3.9135426566004754,0.014880466816590216
41984,84,4.914200051916366,382,0.05784581264015287,0.02870848884922452,3.8990326419472696,0.014877490723226899
43008,86,17.14154596837818,412,0.0629720735247247,0.07244228226481937,3.8551758393645286,0.014874515225082253
44032,88,6.78232037396709,171,0.6008039409061894,0.04401716403081082,3.8470368534326553,0.014871540322037236
45056,90,6.277028414574499,125,0.06934496961766853,29.995128770172595,3.8650408178567885,0.01486856601397283
46080,90,-3.1006332829920664,1149,0.3206036387709901,0.2463139809668064,3.8766580894589424,0.014865592300770036
47104,92,6.96195744372467,171,0.1449660996091552,6.667334724590182,3.8676908001303674,0.014862619182309883
48128,94,9.507843328843563,275,0.0002992060966789722,14.52340969182551,3.8668922960758207,0.01485964665847342
49152,96,14.736420115888471,236,0.08158994924742728,0.16287719465326517,3.856472235918045,0.014856674729141726
50176,97,15.566274042197996,354,0.15540899717598222,0.2376880598254502,3.8344517275691032,0.0148537033941959
51200,97,75.20368565013602,1378,0.18293197577586398,0.32067143488675354,3.819934293627739,0.01485073265351706
52224,98,19.38239831754433,351,0.45595887914532796,0.19824070767499508,3.7683549493551256,0.014847762506986356
53248,98,39.92104368680814,1375,0.06559170695254579,0.10966930715367199,3.7038419991731644,0.014844792954484959
54272,100,-0.9780724104765602,501,0.12177995620877483,0.10556271739769726,3.665415604412556,0.014841823995894062
55296,102,6.7273830994179935,91,-0.003311967966146767,0.0408259971998632,3.6236528411507605,0.014838855631094884
56320,104,11.943889381182464,224,0.07298972474527546,0.0681679763016291,3.6066975355148316,0.014835887859968666
57344,104,46.935318319720835,1248,0.1645172654883936,0.15687099031638355,3.6424920931458473,0.014832920682396673
58368,105,1.3588329656739642,48,0.4636239538434893,0.09218521510483697,3.6620011985301972,0.014829954098260194
59392,106,-0.6336391630434507,248,0.09989377148449421,14.107036995515227,3.6821300476789474,0.014826988107440544
60416,107,2.7511466007103085,851,0.06668997129891067,12.895246106386185,3.6854777365922926,0.014824022709819055
61440,109,4.829453785053411,329,0.08644752434920519,23.355729772150518,3.688706637918949,0.014821057905277091
62464,110,-1.881290707496161,682,0.19499819597695023,12.779060595482587,3.692908135056496,0.014818093693696036
63488,111,-14.194744221293545,809,0.3946111222729087,0.5189302397426218,3.706039567291737,0.014815130074957297
64512,111,-33.78826765503422,1833,0.31993905222043395,0.21725891497917474,3.734471173584461,0.014812167048942306
65536,111,-40.6133945073006,2857,0.14706316289957613,0.10759740704670548,3.7700262501835824,0.014809204615532518
66560,111,-41.602096479926715,3881,0.030821988522075117,0.08230853813583963,3.748156747221947,0.014806242774609412
67584,111,-56.385354927261,4905,0.17283507203683257,0.052776886190986264,3.7276433289051054,0.01480328152605449
68608,112,147.4635329762388,862,0.0511542456864845,1.0648625856265426,3.706419776380062,0.014800320869749278
69632,113,12.590318147456186,536,0.06304333724256139,0.2965372155420482,3.688591314852238,0.01479736080557533
70656,115,13.49093710142165,195,0.12236772705800832,0.2025724624749273,3.6618225440382957,0.014794401333414215
71680,116,49.80888169308361,595,0.07380102357128634,0.3081141956849024,3.6030302166938784,0.014791442453147532
72704,117,191.65700506198763,985,-0.027288408362073822,0.3757873788708821,3.5473593935370444,0.014788484164656902
73728,119,9.644972947397243,110,0.18281021376606077,2.8422092983499168,3.4988424271345138,0.01478552646782397
74752,119,110.21930345002072,1134,0.1887516121030785,0.22306380462832748,3.516923467814922,0.014782569362530406
75776,119,190.846653381691,2158,0.07607682696543634,0.13691958675626664,3.5081311047077177,0.0147796128486579
76800,119,363.2011175304942,3182,0.0878837115247734,0.14909794537816196,3.4793765991926193,0.014776656926088169
77824,119,525.1324599898677,4206,0.10688679867889732,0.3063027969095856,3.4559408470988275,0.014773701594702952
78848,119,708.232208189434,5230,0.11540946308523417,0.4131892640143633,3.463131184875965,0.014770746854384011
79872,119,785.985657960156,6254,0.13542618860956282,0.45479171760380266,3.46760875582695,0.014767792705013135
80896,120,4.151322972217646,219,0.308210451900959,0.2765861437190324,3.4854331389069557,0.014764839146472133
81920,122,7.091738898881047,160,0.018791469157440586,0.16601273317355664,3.4942662090063097,0.014761886178642838
82944,124,4.341930768388408,140,0.11053076377138496,0.1362296968465671,3.4227282807230948,0.014758933801407111
83968,127,10.538324411820886,494,0.1153346823528409,29.48370788693428,3.379043626785278,0.01475598201464683
84992,129,17.76604731662267,467,0.20337610725546257,0.9569600502029061,3.381314900517464,0.0147530308182439
86016,131,0.0708720583252305,26,0.03799328056629747,0.27260096166282893,3.370195043087006,0.014750080212080251
87040,133,2.6619396337493533,94,0.13079982635681517,4.184828763455153,3.360193684697151,0.014747130196037836
88064,134,8.11998244328033,249,0.30452137570828197,1.9121335979551077,3.371165418624878,0.014744180769998628
89088,134,38.75338674454694,1273,0.22249720499385148,0.23227963517419994,3.3926216557621958,0.014741231933844629
90112,134,64.31197439688452,2297,0.13761139704147354,0.1778721588663757,3.415311959385872,0.014738283687457861
91136,135,3.6109798531664885,337,-0.016591555287595837,0.2800166557077318,3.417197346687317,0.01473533603072037
92160,136,10.794726143584112,601,0.04177257307455875,15.00811921171844,3.382743290066719,0.014732388963514228
93184,138,5.4440865243443755,165,0.08995118085877038,0.5572769213002176,3.3886910885572434,0.014729442485721524
94208,139,9.689961825412592,347,-0.010091202869080006,0.18396587600000203,3.37141700387001,0.01472649659722438
95232,140,49.49803594444098,562,-0.018645717634353787,0.18118721212958916,3.292833423614502,0.014723551297904935
96256,140,286.61700170075954,1586,0.8220088583417237,0.7949755255132913,3.245509845018387,0.014720606587645355
97280,140,326.60137587613946,2610,-0.024757141823647542,0.14927913625724615,3.2435064360499384,0.014717662466327826
98304,140,464.8256289210752,3634,0.3524464919930324,0.3743299166671932,3.2132573425769806,0.014714718933834562
99328,141,4.241349436607291,334,0.037990317493677137,0.3574069017544389,3.1991103902459144,0.014711775990047795
100352,143,10.920105576640463,548,0.08032031335751526,16.768400134518743,3.1715280279517173,0.014708833634849787
101376,144,31.472227315498177,677,0.11335683327342849,13.311558864265681,3.1838441148400305,0.014705891868122817
102400,146,13.62475446891507,471,0.08624330145539716,8.71437665000558,3.1947971776127817,0.014702950689749193
103424,147,20.81506236406564,902,0.31000694101676346,2.078702792711556,3.2082584515213965,0.014700010099611244
104448,149,14.060812088554341,430,0.20642665927298368,0.7778578346595169,3.240599238872528,0.014697070097591322
105472,150,28.938897759671725,845,0.023482022702228277,0.5161659805104136,3.2826459392905236,0.014694130683571803
106496,150,46.567228442770556,1869,0.06910339784808457,0.41390852387994526,3.2545748606324194,0.01469119185743509
107520,151,27.838070678325312,975,0.13776571136550048,0.19125627337489276,3.2480942860245703,0.014688253619063603
108544,151,48.740267972860536,1999,0.038357828289736065,0.10381894917227327,3.2329157888889313,0.01468531596833979
109568,152,11.295785301544024,534,0.04431499768979848,0.08441900275065564,3.195915697515011,0.014682378905146122
110592,155,9.360918973487776,239,0.06581080797768664,13.445920315012335,3.1846856623888016,0.014679442429365093
111616,155,33.67382692566003,1263,0.7669332328252494,1.0160582341253757,3.204157342016697,0.01467650654087922
112640,156,12.733095558341269,342,0.16359324287623167,14.317775573581457,3.232774357497692,0.014673571239571045
113664,157,18.03564213524333,564,0.15843943124637008,13.946267020702361,3.2416846707463263,0.014670636525323131
114688,160,6.627370220825053,327,0.1546649266689201,30.125599724054336,3.249607764184475,0.014667702398018068
115712,162,6.240452375885553,443,0.09327411789563485,6.041553504765034,3.2597630694508553,0.014664768857538464
116736,164,3.0620077815711815,331,0.2587145937839523,0.25594950749073175,3.2984901636838915,0.014661835903766957
117760,166,10.824762312657226,522,0.038203075813362374,0.12727624267572538,3.322629380226135,0.014658903536586203
118784,169,1.0289160493039917,47,0.06531238419702276,0.09116416700417176,3.316181780397892,0.014655971755878886
119808,170,7.403480495385038,695,0.10536926684435458,0.23635369628900663,3.3005933970212937,0.01465304056152771
120832,171,-0.8116458675504732,675,0.2755747963907197,0.35550002721138296,3.281209698319435,0.014650109953415405
121856,171,-1.7051428954731485,1699,-0.07119084015721455,0.11255625218618662,3.2445992186665533,0.014647179931424722
122880,171,-3.730600878489003,2723,-0.061732315295375886,0.036431318119866773,3.1886818036437035,0.014644250495438438
123904,171,0.9845683729977739,3747,0.5527415512711741,0.03212134986824822,3.1249194487929346,0.01464132164533935
124928,171,-8.121786513054955,4771,0.10636949574691243,0.05662771799252368,3.0915178090333937,0.014638393381010282
125952,172,7.471973611639985,141,0.09310659661132377,15.480577059835195,3.091238284111023,0.01463546570233408
126976,173,22.72074583877022,792,0.2748319329577498,0.1632763561210595,3.0922762721776964,0.014632538609193613
128000,175,4.729947344486544,102,0.16586504506412894,0.16887253406457603,3.048376850783825,0.014629612101471774
129024,178,-0.03552835363397541,4,-0.060437198600266126,0.11681003727717325,2.9804734006524085,0.01462668617905148
130048,180,7.135490200495743,215,0.017270808038301767,0.05777857952052727,2.8700964212417603,0.01462376084181567
131072,183,6.95435200755359,110,-0.08631911904667504,0.02629758619586937,2.732247085869312,0.014620836089647309
132096,186,-0.05873297552464931,8,0.11459567372803577,0.04110809364356101,2.614015205204487,0.01461791192242938
133120,188,9.294329332219283,272,0.1212781786103733,0.05080909785465337,2.5671744629740716,0.014614988340044894
134144,191,5.031930552827265,105,0.09889142512110993,0.05425529535277747,2.546591986715794,0.014612065342376886
135168,193,27.380836708663054,261,0.029376042447984217,0.18961651856079698,2.491416350007057,0.014609142929308412
136192,194,-28.81926559111009,550,0.04165245243348181,0.38124324639793483,2.4426470369100572,0.014606221100722551
137216,196,-0.012899111106624464,25,0.03814823738648556,0.1102187905635219,2.416341911256313,0.014603299856502407
138240,197,26.648470219749548,649,0.0969126972486265,0.17057913516182452,2.3772695690393446,0.014600379196531107
139264,200,19.146661628371923,187,0.0855375740211457,0.15095255142077804,2.350201404094696,0.014597459120691802
140288,202,19.248700121837285,194,-0.02163470759987831,0.21004485751036556,2.302411513030529,0.014594539628867665
141312,203,133.64623635275868,777,0.02892001674044877,0.18885025440249592,2.2581961780786513,0.01459162072094189
142336,203,318.8265116800156,1801,0.12859522067010404,0.34684283956885337,2.22128649353981,0.014588702396797703
143360,204,7.116754283087412,420,0.05004301753360778,0.2601618536282331,2.202284316718578,0.014585784656318343
144384,206,135.40460859516824,644,-0.06166589482454583,0.5370372756384313,2.1599693775177,0.01458286749938708
145408,208,4.112873764176542,77,0.04267013117205352,11.183775790408253,2.1367236346006395,0.014579950925887203
146432,209,165.74077215109068,741,-0.05415728646912612,0.29922412186861036,2.112762673199177,0.014577034935702025
147456,210,151.42617291288977,714,0.020028470002580435,0.7529308776371181,2.0718955010175706,0.014574119528714886
148480,212,6.780137126401865,100,0.04489720040000975,0.6645705707836896,2.05900182723999,0.014571204704809144
149504,212,264.07820465126116,1124,0.008287050505168736,0.5347142303362489,2.027927154302597,0.014568290463868183
150528,214,-7.578250973942533,356,0.1709852980566211,9.16119907386601,2.009699711203575,0.01456537680577541
151552,1,24.50701653957434,584,0.2363157979096286,0.2920639231335372,2.0298717737197878,0.014562463730414255
152576,2,-49.31593618273728,1006,0.0864657417871058,0.6830234483350068,2.041684854030609,0.014559551237668172
153600,2,-123.2296030420931,2030,0.05682928953319788,0.44625456174835565,2.024781736731529,0.014556639327420639
154624,2,-240.35785473961138,3054,0.15731089444598184,0.8659996417816729,2.014823792874813,0.014553727999555155
155648,2,-452.5949950567965,4078,0.3142424806021154,1.286288926564157,2.0164363980293274,0.014550817253955245
156672,3,61.35245795644194,622,-0.039558734418824314,0.9264260638505221,2.0092919416725636,0.014547907090504453
157696,3,151.6903888362986,1646,0.060269616538425906,0.17129578664898873,1.970403577387333,0.014544997509086353
158720,4,71.56264989394116,734,0.1225979165872559,0.3848299992270768,1.935607584565878,0.014542088509584536
159744,4,189.13581583942548,1758,0.045488697971450165,0.42279316633939745,1.8964101865887641,0.01453918009188262
160768,4,336.0892799405263,2782,0.07179651614278555,0.22603746498934923,1.8577243126928806,0.014536272255864244
161792,4,516.2427513683195,3806,0.11773890384938568,0.2471443980000913,1.8281994953751564,0.014533365001413072
162816,5,93.88785428621954,572,0.05761799127794802,0.703421114385128,1.812442197650671,0.01453045832841279
163840,6,161.44975345083094,734,-0.010712461575167254,0.38711071289144455,1.7733155563473701,0.014527552236747107
164864,7,166.50860358878083,683,0.06998367573833093,0.41295013395138086,1.7197808288037777,0.014524646726299759
165888,8,161.97109086227275,660,-0.012434252980165183,0.810814637504518,1.6893142722547054,0.014521741796954498
166912,9,114.14326061536394,530,0.3611649249738548,1.3595775542780757,1.6682655192911624,0.014518837448595107
167936,9,365.2956787876542,1554,0.10487340971594676,0.6425907220691442,1.623823730647564,0.014515933681105389
168960,10,57.421303577788066,274,-0.003654291876591742,0.5686162441968918,1.5782791525125504,0.014513030494369169
169984,11,144.09214103783486,687,0.46591925582615656,1.0828830195590853,1.5588591165840626,0.014510127888270295
171008,12,149.56069655743397,756,0.03166556319920346,0.5227410326711833,1.5380357377231122,0.014507225862692642
172032,13,177.4162963484721,712,-0.039807036682032046,1.2215628378093242,1.5060678504407405,0.014504324417520103
173056,14,168.67833707486517,666,0.04781825968530029,0.7090800039470195,1.4801258437335492,0.014501423552636599
174080,15,86.30529412668794,405,0.012729154876433313,0.8999768652021884,1.460379658639431,0.014498523267926071
175104,16,161.9916779228518,718,-0.012010566191747785,1.2850674369372428,1.4408717297017575,0.014495623563272487
176128,16,53.59074169726674,1742,0.12914536449825392,1.2807225809432565,1.4404547475278378,0.014492724438559833
177152,16,-86.50701032894942,2766,0.050163309066556395,0.851595507748425,1.4378666020929813,0.014489825893672122
178176,16,-231.2944639585372,3790,0.03863550183596089,0.36164762191474437,1.430064582824707,0.014486927928493388
179200,16,-356.07964158329975,4814,0.17308519600192085,0.29796055937185884,1.4255800306797028,0.01448403054290769
180224,16,-470.00000858840394,5838,0.15070984228514134,0.12861858564428985,1.4322950445115565,0.014481133736799108
181248,16,-599.9165944809955,6862,0.20035703390603884,0.2302621946670115,1.4377732768654823,0.014478237510051749
181248,2,105.56046600398138,530,-0.019623871304793282,0.7904057086445391,1.4038889214396477,0.014478237510051749
182272,2,361.1081264333485,1554,0.040004977735225114,0.18734148587100208,1.3581497542560101,0.01447534186254974
183296,2,553.1175269556463,2578,0.030994173628278075,0.47491802438162267,1.3446686528623104,0.014472446794177229
184320,2,815.1686020688878,3602,0.6378880999924149,0.9717194698750973,1.3012673661112786,0.014469552304818395
185344,2,1115.469011087637,4626,0.06767933145165443,0.8079598544165492,1.2682016402482987,0.01446665839435743
186368,3,54.443496059273954,285,-0.005224210006417707,17.3999160900712,1.2599713936448098,0.01446376506267856
187392,3,20.27822679152624,1309,0.23628255586372687,2.3187578472308816,1.2626706220209598,0.014460872309666025
188416,4,209.16087562042765,994,0.025324350665323438,1.0385640883818268,1.2620642870664596,0.014457980135204091
189440,5,215.9603637877094,830,0.014281016704626382,0.26970875640399755,1.2272906258702279,0.014455088539177052
190464,5,569.5789727805993,1854,0.07418028840911575,0.7800640203990042,1.1954959243535996,0.014452197521469217
191488,6,181.78673441235327,709,-0.022079762653447688,1.2167935871519149,1.1748119056224824,0.014449307081964922
192512,7,208.78783425556693,599,-0.07758456988958642,0.43234000792726873,1.1328990764915943,0.01444641722054853
193536,7,528.2895935377701,1623,-5.498301470652223e-06,1.6098296374082566,1.1015373066067695,0.014443527937104421
194560,7,890.9674966466685,2647,0.057072823256021366,2.0914064610376952,1.1001291885972022,0.014440639231517
195584,8,138.63772343798496,435,0.1867957774666138,3.101982660219073,1.1088315397500992,0.014437751103670697
196608,9,119.53926730547768,482,0.05569132141536102,2.5596849393099546,1.0982594415545464,0.014434863553449964
197632,9,396.7018642751503,1506,0.08727786300587467,2.7855919998139145,1.0956039525568486,0.014431976580739274
198656,9,288.4738018285654,2530,0.05440134794916958,1.8382447003386915,1.111243025958538,0.014429090185423127
199680,10,132.93003714202973,503,0.04940495037008077,1.3560122777707875,1.0988317914307117,0.014426204367386043
200704,11,163.7338463207392,654,0.0719529468275141,1.5341410905122757,1.0570713967084884,0.014423319126512566
201728,11,348.4665048503688,1678,0.02946899860398844,2.0713814593851567,1.0230094231665134,0.014420434462687265
202752,12,195.83119259609447,622,-0.029647609533276408,1.5309318587183953,1.0020034521818162,0.014417550375794728
203776,13,55.448593648544865,343,0.05502810180187225,0.25720559381879865,1.0090197511017323,0.01441466686571957
204800,14,116.92811021594657,594,0.17395319155766628,0.3829980714246631,1.0569792181253432,0.014411783932346427
205824,14,413.69979752625756,1618,0.027166745450813323,2.5741459602490067,1.0710735782980918,0.014408901575559957
206848,15,331.9286547591157,1003,0.020962894335389136,1.274141258560121,1.0457562334835528,0.014406019795244846
207872,16,251.1218706819052,586,0.13492652166751212,2.6417242052033543,1.0409513533115387,0.014403138591285797
208896,17,155.4890421618394,460,-0.015763513382989914,0.24911478408612311,1.018980723619461,0.014400257963567541
209920,17,444.8323138898365,1484,0.07613497783895581,5.03132374510169,1.0021074011921882,0.014397377911974828
210944,17,511.2316819273201,2508,0.0221867735410342,2.0311371620744465,1.0157298490405082,0.014394498436392433
211968,18,3.3553620646964557,256,0.21938029450247995,1.3896372813731432,1.0340252920985222,0.014391619536705156
212992,18,-4.008424958434555,1280,0.02465584685851354,0.3877437988296151,1.0615570217370986,0.014388741212797814
214016,18,-0.5928563433934201,2304,0.0122081792447716,0.16043831816641613,1.0254182495176791,0.014385863464555254
215040,19,-17.696106381367496,975,0.07380483648739755,0.29968756849411876,0.9860565610229969,0.014382986291862344
216064,19,-50.69006620797102,1999,0.04749189300928265,0.10629275016253814,0.9706249542534351,0.014380109694603972
217088,20,149.08499671983733,901,0.3315282426774502,1.4210904935374855,0.9725747428834438,0.014377233672665052
218112,20,238.6910447048706,1925,0.04402446081512608,0.24972938955761492,0.9563838228583336,0.01437435822593052
219136,22,4.579085954791731,151,0.008650298934662714,15.173466742783784,0.9123155646026134,0.014371483354285333
220160,22,-47.656035189164164,1175,0.07436398443533107,0.36562827695161104,0.9201922453939915,0.014368609057614477
221184,23,-16.86814131986724,952,0.0039269304368644955,9.719092132523656,0.9076007068157196,0.014365735335802954
222208,25,32.922520994748666,184,0.09848544084234163,1.1609622324816882,0.919948561489582,0.014362862188735793
223232,26,16.819135192743047,165,-0.0005777794751338661,1.1339523816481232,0.9049141131341457,0.014359989616298046
224256,27,1.4055679074875287,289,-0.0012345691095106304,0.09426303521031514,0.8866042792797089,0.014357117618374786
225280,28,20.43925908756624,477,0.03798885421128943,0.039274889102671295,0.8716492220759392,0.014354246194851112
226304,29,68.89032026957614,398,-0.004210070689441636,0.40087054180912673,0.8377030894160271,0.014351375345612143
227328,30,133.3881389021984,920,-0.03317862418771256,5.942984380200505,0.8156309366226197,0.01434850507054302
228352,30,156.72498388423077,1944,0.18093148786574603,1.2665291471406817,0.8064054846763611,0.014345635369528912
229376,31,82.16656582652735,851,0.2819116570986807,1.8016852690838276,0.8336525954306125,0.014342766242455006
230400,34,0.23754086973386368,29,0.11374215417308733,0.30951329404488204,0.8842587508261204,0.014339897689206516
231424,36,58.14361793924686,241,-0.0008367039845325053,0.4034122340846807,0.8934566892683506,0.014337029709668674
232448,36,223.93572177555683,1265,0.028952944674529135,1.4249706944450735,0.8761333607137203,0.014334162303726741
233472,38,-0.1546744192011,23,0.19170387386111543,0.49961829162202775,0.8815377950668335,0.014331295471265996
234496,39,97.35414173992629,583,0.044317400443833324,0.48376380298286675,0.8960288688540459,0.014328429212171742
235520,40,1.760737270986279,275,0.013864757391274907,8.52561262845993,0.9050814040005207,0.014325563526329308
236544,40,25.460740481948186,1299,0.07061297202017158,0.7096642165444791,0.8954564012587071,0.014322698413624043
237568,40,27.487336282973367,2323,0.003634469903772697,0.3369442014722154,0.8679968178272247,0.01431983387394132
238592,40,15.406405836149407,3347,0.07900587619515136,0.09790299767628312,0.8328908257186413,0.014316969907166532
239616,41,3.9381641226741646,584,0.019660384813323616,0.18455574859399348,0.8043026491999626,0.014314106513185099
240640,42,49.7964317424522,648,0.05623617910896428,0.45685258521698413,0.7679793804883956,0.014311243691882462
241664,43,36.68152382109373,316,0.008982852631015703,4.460721342638135,0.7526595406234264,0.014308381443144086
242688,43,8.02918378034389,1340,0.20926733270753176,0.3877124502323568,0.7615553945302963,0.014305519766855457
243712,44,1.3336924664391252,42,0.046118108002701774,0.27426983616314826,0.7725827023386955,0.014302658662902087
244736,45,39.29313907894265,603,0.014974225364858285,11.478860632702709,0.7605924308300018,0.014299798131169507
245760,47,-0.9325051870509106,152,0.01709530156222172,0.35679329293780027,0.7465812146663666,0.014296938171543273
246784,49,27.501336505886766,386,-0.0015760439680889248,4.698375346604735,0.7071949861943722,0.014294078783908966
247808,50,3.2597803552107383,66,0.2470685986772878,1.7344374517910182,0.7046808831393718,0.014291219968152184
248832,51,3.5616101218170146,661,0.054652954614721236,0.8299486103001982,0.6999512761831284,0.014288361724158554
249856,53,0.7374583209878479,51,-0.0033227663137950004,0.18436187508050353,0.7257086858153343,0.014285504051813723
250880,54,-0.17111378679194317,30,0.04896558874461334,9.946400723606349,0.7453080080449581,0.01428264695100336
251904,55,-65.20245384847529,583,0.10349473503883928,1.496820008987561,0.7515627935528755,0.01427979042161316
252928,56,26.033527855828158,860,0.05465931112412363,0.6333037036005408,0.7534462034702301,0.014276934463528838
253952,57,-2.322149299197959,970,0.21414753107819706,0.6666709451470524,0.7742077328264714,0.014274079076636133
254976,57,-8.422847744888092,1994,0.036386442318325864,0.22447739264462144,0.7751633368432522,0.014271224260820807
256000,57,-25.832656760964177,3018,0.012937314208829775,0.09116815822198987,0.7461097322404384,0.014268370015968642
257024,59,1.7589631830977863,233,0.03934493535780348,7.023290790058672,0.7408187635242939,0.014265516341965448
258048,61,5.682242121246943,359,0.13668561381055042,0.5410980647429824,0.74209875613451,0.014262663238697055
259072,62,9.91640627559793,363,0.004676712182117626,8.299163069203496,0.7354790300130845,0.014259810706049316
260096,64,21.05043046644388,345,0.029783279553521426,0.2122432872420177,0.7296370461583137,0.014256958743908105
261120,65,51.87104134485112,942,0.004983302834443748,7.802300421427935,0.7000305086374283,0.014254107352159325
262144,65,55.248322590166055,1966,0.09518123682355509,0.01440004189789761,0.7003115989267826,0.014251256530688892
263168,66,20.996044690516612,234,0.029955616081133486,0.06847913160454482,0.6915257640182972,0.014248406279382755
264192,66,30.065393105583613,1258,0.12111761622363701,0.03993669377523475,0.6665576748549938,0.014245556598126879
265216,67,21.35475487530157,890,-0.00853911261074245,0.08165284530259669,0.6432133793830872,0.014242707486807255
266240,68,-0.95970908545145,1006,0.18640108207473532,1.5221648993901908,0.648807480186224,0.014239858945309894
267264,71,-0.1587160833210859,10,-0.022846594295697287,0.40648489764425905,0.6575628787279129,0.014237010973520833
268288,71,13.595769730379134,1034,0.0603949710377492,0.12949104553554208,0.6371561117470265,0.01423416357132613
269312,71,4.384951959805808,2058,0.21579092263709754,0.018852552189491688,0.6166952073574066,0.014231316738611865
270336,71,1.1180358100629184,3082,0.17267006151378156,0.011975634601549245,0.6206499554216862,0.014228470475264142
271360,71,23.57350094596401,4106,0.14675555946305394,0.7366489734034986,0.6450035706162452,0.01422562478116909
272384,71,-24.159686422826105,5130,0.05705498883035034,1.6398721516132355,0.647351685911417,0.014222779656212856
273408,71,-65.99163389391896,6154,-0.08378395910840482,0.7789820281788706,0.6359181173145771,0.014219935100281614
274432,71,-160.9270321141494,7178,0.07115097760688513,1.278268023673445,0.6239017009735107,0.014217091113261558
275456,73,9.796246205064044,441,0.06546246171928942,4.608154830336571,0.6229579336941242,0.014214247695038906
276480,76,-0.1180941940154212,12,0.06999846412218176,0.12714079404249787,0.6175633475184441,0.014211404845499898
277504,76,-48.95820922013785,1036,0.05594591610133648,0.4931002172874287,0.605732350051403,0.014208562564530798
278528,77,-26.01910116687507,548,0.08025417228345759,1.4287563543766737,0.5960475459694863,0.014205720852017892
279552,79,6.381819377519901,266,-0.01211173670599237,0.8760664128698409,0.583011320233345,0.014202879707847489
280576,81,0.40366066410816037,269,0.02675958790932782,0.15049610967980698,0.5702787108719349,0.01420003913190592
281600,82,116.02036321638766,835,-0.02142257083905861,1.9229028197703883,0.5640320956707001,0.014197199124079539
282624,82,307.3976086642272,1859,-0.0009773191646672784,0.23480206506792456,0.5541805438697338,0.014194359684254724
283648,82,484.89636723119156,2883,-0.0005042269651312381,0.17098911132197828,0.5628750145435333,0.014191520812317874
284672,83,107.49092760289317,598,-0.0025502663396764548,5.091839328547939,0.5893874771893024,0.01418868250815541
285696,84,-0.16675752475486166,13,0.010412406106479467,0.13202027179067954,0.5864180415868759,0.014185844771653779
286720,84,11.900825238767695,1037,0.09832002687617206,2.3082471699919553,0.5902175635099411,0.014183007602699449
287744,86,82.79893464059568,314,0.015305251150857657,8.50212607756257,0.5832075789570809,0.01418017100117891
288768,87,116.39605847222953,601,0.017282739013899116,0.9057784910779446,0.5913697294890881,0.014177334966978674
289792,88,18.899798317061226,168,0.13118548164493404,1.0923268880229444,0.6150056421756744,0.014174499499985279
290816,89,122.10097516179262,667,0.04570837840437889,0.5086183303501457,0.6276729144155979,0.014171664600085282
291840,91,14.375958283947634,175,0.046771466184873135,0.43048096671700475,0.6238274462521076,0.014168830267165266
292864,92,117.04466049436029,648,0.0028434106498025358,0.44072527620010077,0.6226503767073155,0.014165996501111833
293888,93,100.87539378785253,875,0.039456598402466625,1.7138050609268247,0.6065514862537384,0.01416316330181161
294912,94,103.17242784252053,589,0.039096434746170416,8.881634968519212,0.5890607677400113,0.014160330669151247
295936,94,157.77404511149052,1613,0.09013048558263108,0.19591695060953498,0.5843643546104431,0.014157498603017417
296960,95,159.85773217696587,951,-0.0020011084154248236,0.3073896948713809,0.5668344974517823,0.014154667103296813
297984,96,5.519850374923198,80,0.15546331914374606,0.8875807979144156,0.5774508990347386,0.014151836169876154
299008,97,18.281818229456977,149,0.023808452958473936,0.5877198570873589,0.5782816290855408,0.01414900580264218
300032,97,22.037643842516474,1173,0.09613499261904508,0.40498501278925686,0.5672365970909595,0.014146176001481651
301056,98,1.6532414403188538,198,0.022565847227815537,0.19220691074151547,0.5783363521099091,0.014143346766281355
302080,99,26.758018458627905,453,-0.021494502143468708,0.28589327647350726,0.5865159042179584,0.014140518096928099
303104,100,64.69944445171052,820,-0.007379256503190846,0.15128774652257562,0.5682931564748287,0.014137689993308713
304128,100,266.88946636549497,1844,-0.0034502360271289946,0.20870848107151688,0.5633450083434581,0.014134862455310052
305152,100,424.9531065453045,2868,-0.027572743460768833,0.6669933047611266,0.5557464599609375,0.014132035482818989
306176,101,194.88089971959732,843,-0.05048864822601899,0.24423291264101862,0.5287236325442791,0.014129209075722425
307200,101,520.4920401961989,1867,-0.0028212703473400325,0.6112972838804126,0.5189003363251686,0.014126383233907282
308224,102,8.083365383999146,135,-0.0006338200881145894,0.5874751284718513,0.5124653831124306,0.0141235579572605
309248,102,322.76701732570154,1159,0.011198246700223536,0.3933015867136419,0.4803951695561409,0.01412073324566905
310272,103,42.639181293250104,319,0.054613748186966404,0.4632698378060013,0.4647986814379692,0.014117909099019915
